43.000000	27098.673832	-4338.048916	15710.594143	-3368.966683	14955.239291	7030.361239	-187500.022352	-187500.022352	0.000000	0.000000	0.000000	192.000000	0.000000	0.000000	0.000000	0.000000	0.000000	0.000000	0.000000	0.000000	0.000000	1677615644.798134	0.000000
44.000000	27129.116908	-4340.060573	15814.753272	-3372.565314	15007.274152	7098.824632	-187500.022352	-187500.022352	0.000000	0.000000	0.000000	192.000000	0.000000	0.000000	0.000000	0.000000	0.000000	0.000000	0.000000	0.000000	0.000000	1677615644.798182	0.000000
45.000000	27156.788368	-4341.580491	16098.396909	-3374.644026	15155.533273	7216.417160	-187500.022352	-187500.022352	0.000000	0.000000	0.000000	192.000000	0.000000	0.000000	0.000000	0.000000	0.000000	0.000000	0.000000	0.000000	0.000000	1677615644.798199	0.000000
46.000000	27120.355024	-4341.535788	16027.296010	-3371.291264	15121.580973	7161.275406	-187500.022352	-187500.022352	-0.192000	-0.768000	-0.618000	192.000000	250.000000	0.000000	232.000000	0.000000	236.000000	176.000000	0.000000	0.000000	0.000000	1677615644.798215	0.000000
0.000000	0.000000	0.000000	0.000000	0.000000	0.000000	0.000000	0.000000	0.000000	-0.188000	-0.768000	-0.630000	192.000000	250.000000	32.000000	232.000000	0.000000	236.000000	80.000000	0.000000	0.000000	0.000000	1677615644.887580	0.000000
1.000000	25880.168483	-4424.349001	16127.968267	-3354.996843	15131.773368	7013.172747	-187500.022352	-187500.022352	-0.188000	-0.768000	-0.630000	192.000000	0.000000	0.000000	0.000000	0.000000	0.000000	0.000000	0.000000	0.000000	0.000000	1677615644.905570	0.000000
2.000000	25906.141210	-4422.717324	16287.738536	-3354.460401	15214.899506	7058.770306	-187500.022352	-187500.022352	-0.188000	-0.768000	-0.630000	192.000000	0.000000	0.000000	0.000000	0.000000	0.000000	0.000000	0.000000	0.000000	0.000000	1677615644.908569	0.000000
3.000000	25879.095600	-4418.604603	16093.367767	-3349.833590	15120.016351	6959.685023	-187500.022352	-187500.022352	-0.188000	-0.768000	-0.630000	192.000000	0.000000	0.000000	0.000000	0.000000	0.000000	0.000000	0.000000	0.000000	0.000000	1677615644.911619	0.000000
4.000000	25858.800216	-4416.011800	15913.860907	-3348.850113	15029.670600	6904.520917	-187500.022352	-187500.022352	-0.188000	-0.768000	-0.630000	192.000000	0.000000	0.000000	0.000000	0.000000	0.000000	0.000000	0.000000	0.000000	0.000000	1677615644.914612	0.000000
5.000000	25883.409486	-4420.839777	16081.342528	-3354.482753	15110.449804	6991.670369	-187500.022352	-187500.022352	-0.188000	-0.768000	-0.630000	192.000000	0.000000	0.000000	0.000000	0.000000	0.000000	0.000000	0.000000	0.000000	0.000000	1677615644.918559	0.000000
6.000000	25905.425955	-4423.656097	16285.928045	-3356.092078	15212.776090	7059.798486	-187500.022352	-187500.022352	-0.188000	-0.768000	-0.630000	192.000000	0.000000	0.000000	0.000000	0.000000	0.000000	0.000000	0.000000	0.000000	0.000000	1677615644.921579	0.000000
7.000000	25881.263719	-4420.303335	16141.289907	-3351.532322	15143.418627	6977.298197	-187500.022352	-187500.022352	-0.188000	-0.768000	-0.630000	192.000000	0.000000	0.000000	0.000000	0.000000	0.000000	0.000000	0.000000	0.000000	0.000000	1677615644.925587	0.000000
8.000000	25861.035390	-4420.392742	15924.187413	-3350.548846	15034.565632	6897.815394	-187500.022352	-187500.022352	-0.180000	-0.770000	-0.638000	192.000000	250.000000	96.000000	231.000000	240.000000	236.000000	16.000000	0.000000	0.000000	0.000000	1677615644.930672	0.000000
9.000000	25882.783637	-4423.454931	16034.493272	-3353.923959	15088.366281	6966.949340	-187500.022352	-187500.022352	-0.180000	-0.770000	-0.638000	192.000000	0.000000	0.000000	0.000000	0.000000	0.000000	0.000000	0.000000	0.000000	0.000000	1677615644.934664	0.000000
10.000000	25905.805934	-4425.399533	16269.365402	-3356.472058	15206.674064	7056.110448	-187500.022352	-187500.022352	-0.180000	-0.770000	-0.638000	192.000000	0.000000	0.000000	0.000000	0.000000	0.000000	0.000000	0.000000	0.000000	0.000000	1677615644.938614	0.000000
11.000000	25880.369649	-4424.013725	16184.138201	-3353.298110	15165.345689	6994.173764	-187500.022352	-187500.022352	-0.180000	-0.770000	-0.638000	192.000000	0.000000	0.000000	0.000000	0.000000	0.000000	0.000000	0.000000	0.000000	0.000000	1677615644.942565	0.000000
12.000000	25844.740968	-4423.164359	15942.493491	-3351.331157	15043.752199	6900.788176	-187500.022352	-187500.022352	-0.180000	-0.770000	-0.638000	192.000000	0.000000	0.000000	0.000000	0.000000	0.000000	0.000000	0.000000	0.000000	0.000000	1677615644.945605	0.000000
13.000000	25856.430931	-4424.170187	15989.968597	-3354.147476	15066.170998	6948.106819	-187500.022352	-187500.022352	-0.180000	-0.770000	-0.638000	192.000000	0.000000	0.000000	0.000000	0.000000	0.000000	0.000000	0.000000	0.000000	0.000000	1677615644.949592	0.000000
14.000000	25890.472637	-4425.690106	16243.280917	-3357.120258	15193.553590	7051.260120	-187500.022352	-187500.022352	-0.180000	-0.770000	-0.638000	192.000000	0.000000	0.000000	0.000000	0.000000	0.000000	0.000000	0.000000	0.000000	0.000000	1677615644.953678	0.000000
15.000000	25885.264681	-4422.717324	16225.444225	-3354.147476	15188.435041	7016.950192	-187500.022352	-187500.022352	-0.180000	-0.770000	-0.638000	192.000000	0.000000	0.000000	0.000000	0.000000	0.000000	0.000000	0.000000	0.000000	0.000000	1677615644.958548	0.000000
16.000000	25850.418311	-4421.040943	15972.310719	-3351.085287	15062.840588	6911.360551	-187500.022352	-187500.022352	-0.180000	-0.770000	-0.638000	192.000000	0.000000	0.000000	0.000000	0.000000	0.000000	0.000000	0.000000	0.000000	0.000000	1677615644.962777	0.000000
17.000000	25858.576698	-4420.079818	15954.876358	-3353.029889	15055.039830	6931.365363	-187500.022352	-187500.022352	-0.180000	-0.770000	-0.638000	192.000000	0.000000	0.000000	0.000000	0.000000	0.000000	0.000000	0.000000	0.000000	0.000000	1677615644.966711	0.000000
18.000000	25899.435687	-4420.772722	16210.602666	-3356.337947	15183.741174	7042.498236	-187500.022352	-187500.022352	-0.180000	-0.764000	-0.640000	192.000000	250.000000	96.000000	232.000000	32.000000	236.000000	0.000000	0.000000	0.000000	0.000000	1677615644.970679	0.000000
19.000000	25902.117896	-4420.392742	16257.116646	-3354.370994	15209.199811	7036.351506	-187500.022352	-187500.022352	-0.180000	-0.764000	-0.640000	192.000000	0.000000	0.000000	0.000000	0.000000	0.000000	0.000000	0.000000	0.000000	0.000000	1677615644.973619	0.000000
20.000000	25866.533919	-4416.928222	16010.398091	-3350.839418	15086.376975	6928.280822	-187500.022352	-187500.022352	-0.180000	-0.764000	-0.640000	192.000000	0.000000	0.000000	0.000000	0.000000	0.000000	0.000000	0.000000	0.000000	0.000000	1677615644.977678	0.000000
21.000000	25863.829358	-4414.447178	15931.228212	-3350.951177	15046.747332	6922.178796	-187500.022352	-187500.022352	-0.180000	-0.764000	-0.640000	192.000000	0.000000	0.000000	0.000000	0.000000	0.000000	0.000000	0.000000	0.000000	0.000000	1677615644.981658	0.000000
22.000000	25903.056670	-4415.341248	16168.939015	-3353.521628	15164.541026	7033.512835	-187500.022352	-187500.022352	-0.180000	-0.764000	-0.640000	192.000000	0.000000	0.000000	0.000000	0.000000	0.000000	0.000000	0.000000	0.000000	0.000000	1677615644.985617	0.000000
23.000000	25916.691234	-4415.341248	16278.507266	-3352.247578	15221.269753	7056.579835	-187500.022352	-187500.022352	-0.180000	-0.764000	-0.640000	192.000000	0.000000	0.000000	0.000000	0.000000	0.000000	0.000000	0.000000	0.000000	0.000000	1677615644.990619	0.000000
24.000000	25882.381306	-4414.067199	16053.224034	-3349.297148	15109.891011	6949.447924	-187500.022352	-187500.022352	-0.180000	-0.764000	-0.640000	192.000000	0.000000	0.000000	0.000000	0.000000	0.000000	0.000000	0.000000	0.000000	0.000000	1677615644.994667	0.000000
25.000000	25867.830320	-4414.178957	15918.264200	-3349.095982	15040.801768	6916.054418	-187500.022352	-187500.022352	-0.180000	-0.764000	-0.640000	192.000000	0.000000	0.000000	0.000000	0.000000	0.000000	0.000000	0.000000	0.000000	0.000000	1677615644.998750	0.000000
26.000000	25898.161638	-4418.090513	16125.129595	-3352.918131	15143.843310	7016.212585	-187500.022352	-187500.022352	-0.180000	-0.764000	-0.640000	192.000000	0.000000	0.000000	0.000000	0.000000	0.000000	0.000000	0.000000	0.000000	0.000000	1677615645.001795	0.000000
27.000000	25909.538675	-4419.677486	16289.213751	-3354.348642	15228.623477	7064.179428	-187500.022352	-187500.022352	-0.180000	-0.764000	-0.640000	192.000000	0.000000	0.000000	0.000000	0.000000	0.000000	0.000000	0.000000	0.000000	0.000000	1677615645.005668	0.000000
28.000000	25875.139341	-4418.470492	16101.906133	-3350.951177	15136.333124	6967.754003	-187500.022352	-187500.022352	-0.174000	-0.758000	-0.638000	192.000000	250.000000	144.000000	232.000000	80.000000	236.000000	16.000000	0.000000	0.000000	0.000000	1677615645.009604	0.000000
29.000000	25851.357085	-4418.582251	15918.197145	-3349.922997	15042.276984	6909.706522	-187500.022352	-187500.022352	-0.174000	-0.758000	-0.638000	192.000000	0.000000	0.000000	0.000000	0.000000	0.000000	0.000000	0.000000	0.000000	0.000000	1677615645.013642	0.000000
30.000000	25884.012983	-4418.872824	16079.710851	-3352.627558	15121.871546	6998.040616	-187500.022352	-187500.022352	-0.174000	-0.758000	-0.638000	192.000000	0.000000	0.000000	0.000000	0.000000	0.000000	0.000000	0.000000	0.000000	0.000000	1677615645.018654	0.000000
31.000000	25910.857428	-4419.543376	16289.258455	-3353.566331	15228.198794	7067.822762	-187500.022352	-187500.022352	-0.174000	-0.758000	-0.638000	192.000000	0.000000	0.000000	0.000000	0.000000	0.000000	0.000000	0.000000	0.000000	0.000000	1677615645.022648	0.000000
32.000000	25884.862350	-4418.202271	16149.716514	-3350.325328	15159.958918	6985.970674	-187500.022352	-187500.022352	-0.174000	-0.758000	-0.638000	192.000000	0.000000	0.000000	0.000000	0.000000	0.000000	0.000000	0.000000	0.000000	0.000000	1677615645.026639	0.000000
33.000000	25857.637925	-4419.409265	15930.535308	-3349.900645	15047.820216	6908.678342	-187500.022352	-187500.022352	-0.174000	-0.758000	-0.638000	192.000000	0.000000	0.000000	0.000000	0.000000	0.000000	0.000000	0.000000	0.000000	0.000000	1677615645.029754	0.000000
34.000000	25881.531940	-4424.728981	16034.873251	-3354.862732	15096.971702	6974.593636	-187500.022352	-187500.022352	-0.174000	-0.758000	-0.638000	192.000000	0.000000	0.000000	0.000000	0.000000	0.000000	0.000000	0.000000	0.000000	0.000000	1677615645.033653	0.000000
35.000000	25912.153830	-4426.807693	16273.723993	-3356.583817	15217.514660	7064.335890	-187500.022352	-187500.022352	-0.174000	-0.758000	-0.638000	192.000000	0.000000	0.000000	0.000000	0.000000	0.000000	0.000000	0.000000	0.000000	0.000000	1677615645.037796	0.000000
36.000000	25888.326870	-4427.567652	16193.548285	-3353.141648	15177.996776	7005.282581	-187500.022352	-187500.022352	-0.174000	-0.758000	-0.638000	192.000000	0.000000	0.000000	0.000000	0.000000	0.000000	0.000000	0.000000	0.000000	0.000000	1677615645.041673	0.000000
37.000000	25847.959620	-4428.886405	15952.149445	-3351.018232	15053.989298	6911.807586	-187500.022352	-187500.022352	-0.174000	-0.758000	-0.638000	192.000000	0.000000	0.000000	0.000000	0.000000	0.000000	0.000000	0.000000	0.000000	0.000000	1677615645.046688	0.000000
38.000000	25861.393018	-4428.662888	15992.896675	-3353.588683	15073.591778	6955.147619	-187500.022352	-187500.022352	-0.172000	-0.756000	-0.640000	192.000000	250.000000	160.000000	232.000000	96.000000	236.000000	0.000000	0.000000	0.000000	0.000000	1677615645.050675	0.000000
39.000000	25902.721393	-4427.858225	16246.544271	-3356.159133	15202.449584	7058.010347	-187500.022352	-187500.022352	-0.172000	-0.756000	-0.640000	192.000000	0.000000	0.000000	0.000000	0.000000	0.000000	0.000000	0.000000	0.000000	0.000000	1677615645.054647	0.000000
40.000000	25898.295748	-4424.617222	16233.043818	-3353.700442	15199.812078	7025.801483	-187500.022352	-187500.022352	-0.172000	-0.756000	-0.640000	192.000000	0.000000	0.000000	0.000000	0.000000	0.000000	0.000000	0.000000	0.000000	0.000000	1677615645.058702	0.000000
41.000000	25864.008172	-4422.940841	15980.156181	-3351.286453	15075.804600	6921.418836	-187500.022352	-187500.022352	-0.172000	-0.756000	-0.640000	192.000000	0.000000	0.000000	0.000000	0.000000	0.000000	0.000000	0.000000	0.000000	0.000000	1677615645.062734	0.000000
42.000000	25869.998440	-4422.560861	15956.306870	-3353.007537	15064.762838	6940.015488	-187500.022352	-187500.022352	-0.172000	-0.756000	-0.640000	192.000000	0.000000	0.000000	0.000000	0.000000	0.000000	0.000000	0.000000	0.000000	0.000000	1677615645.065738	0.000000
43.000000	25905.314196	-4424.326649	16209.641541	-3356.360299	15191.452526	7049.851960	-187500.022352	-187500.022352	-0.172000	-0.756000	-0.640000	192.000000	0.000000	0.000000	0.000000	0.000000	0.000000	0.000000	0.000000	0.000000	0.000000	1677615645.069749	0.000000
44.000000	25906.029452	-4422.493806	16263.688059	-3354.505104	15220.330980	7046.230977	-187500.022352	-187500.022352	-0.172000	-0.756000	-0.640000	192.000000	0.000000	0.000000	0.000000	0.000000	0.000000	0.000000	0.000000	0.000000	0.000000	1677615645.075718	0.000000
45.000000	25866.556271	-4421.197405	16018.847051	-3351.174694	15095.518839	6938.070886	-187500.022352	-187500.022352	-0.172000	-0.756000	-0.640000	192.000000	0.000000	0.000000	0.000000	0.000000	0.000000	0.000000	0.000000	0.000000	0.000000	1677615645.078688	0.000000
46.000000	25862.488253	-4421.152702	15934.469215	-3352.001709	15049.764818	6928.034953	-187500.022352	-187500.022352	-0.172000	-0.756000	-0.640000	192.000000	0.000000	0.000000	0.000000	0.000000	0.000000	0.000000	0.000000	0.000000	0.000000	1677615645.082711	0.000000
47.000000	25902.073193	-4422.337344	16168.648442	-3355.533285	15166.507979	7038.810198	-187500.022352	-187500.022352	-0.172000	-0.756000	-0.640000	192.000000	0.000000	0.000000	0.000000	0.000000	0.000000	0.000000	0.000000	0.000000	0.000000	1677615645.085695	0.000000
48.000000	25915.774812	-4422.382047	16283.670519	-3355.756802	15226.164785	7063.866504	-187500.022352	-187500.022352	-0.170000	-0.762000	-0.652000	192.000000	250.000000	176.000000	232.000000	48.000000	235.000000	160.000000	0.000000	0.000000	0.000000	1677615645.089781	0.000000
49.000000	25872.300669	-4423.142007	16062.969394	-3353.342814	15115.769519	6956.511075	-187500.022352	-187500.022352	-0.170000	-0.762000	-0.652000	192.000000	0.000000	0.000000	0.000000	0.000000	0.000000	0.000000	0.000000	0.000000	0.000000	1677615645.093783	0.000000
50.000000	25852.631134	-4424.281946	15923.606267	-3353.789849	15044.243937	6918.937793	-187500.022352	-187500.022352	-0.170000	-0.762000	-0.652000	192.000000	0.000000	0.000000	0.000000	0.000000	0.000000	0.000000	0.000000	0.000000	0.000000	1677615645.097756	0.000000
51.000000	25893.110143	-4423.879614	16124.324933	-3356.315596	15144.133883	7020.057085	-187500.022352	-187500.022352	-0.170000	-0.762000	-0.652000	192.000000	0.000000	0.000000	0.000000	0.000000	0.000000	0.000000	0.000000	0.000000	0.000000	1677615645.102731	0.000000
52.000000	25914.478411	-4424.550167	16293.281769	-3356.181485	15230.389265	7069.901475	-187500.022352	-187500.022352	-0.170000	-0.762000	-0.652000	192.000000	0.000000	0.000000	0.000000	0.000000	0.000000	0.000000	0.000000	0.000000	0.000000	1677615645.106762	0.000000
53.000000	25880.213187	-4422.940841	16108.321084	-3352.202875	15139.596479	6973.297235	-187500.022352	-187500.022352	-0.170000	-0.762000	-0.652000	192.000000	0.000000	0.000000	0.000000	0.000000	0.000000	0.000000	0.000000	0.000000	0.000000	1677615645.109743	0.000000
54.000000	25853.346390	-4422.538510	15922.198108	-3352.560503	15044.422751	6912.500490	-187500.022352	-187500.022352	-0.170000	-0.762000	-0.652000	192.000000	0.000000	0.000000	0.000000	0.000000	0.000000	0.000000	0.000000	0.000000	0.000000	1677615645.113815	0.000000
55.000000	25884.147094	-4422.337344	16078.906188	-3356.025023	15121.156290	6999.292314	-187500.022352	-187500.022352	-0.170000	-0.762000	-0.652000	192.000000	0.000000	0.000000	0.000000	0.000000	0.000000	0.000000	0.000000	0.000000	0.000000	1677615645.117748	0.000000
56.000000	25916.467716	-4421.309164	16289.705490	-3356.114430	15229.562250	7073.723623	-187500.022352	-187500.022352	-0.170000	-0.762000	-0.652000	192.000000	0.000000	0.000000	0.000000	0.000000	0.000000	0.000000	0.000000	0.000000	0.000000	1677615645.121760	0.000000
57.000000	25895.770001	-4419.476321	16157.651384	-3352.001709	15165.412744	6993.704378	-187500.022352	-187500.022352	-0.170000	-0.762000	-0.652000	192.000000	0.000000	0.000000	0.000000	0.000000	0.000000	0.000000	0.000000	0.000000	0.000000	1677615645.125773	0.000000
58.000000	25863.605841	-4421.756199	15937.710218	-3352.225226	15052.804655	6911.740531	-187500.022352	-187500.022352	-0.174000	-0.758000	-0.646000	192.000000	250.000000	144.000000	232.000000	80.000000	235.000000	208.000000	0.000000	0.000000	0.000000	1677615645.130858	0.000000
59.000000	25883.297728	-4425.623050	16035.610859	-3356.472058	15101.039720	6973.677215	-187500.022352	-187500.022352	-0.174000	-0.758000	-0.646000	192.000000	0.000000	0.000000	0.000000	0.000000	0.000000	0.000000	0.000000	0.000000	0.000000	1677615645.134834	0.000000
60.000000	25935.489051	-4423.231414	16275.065097	-3358.059032	15222.297933	7065.922864	-187500.022352	-187500.022352	-0.174000	-0.758000	-0.646000	192.000000	0.000000	0.000000	0.000000	0.000000	0.000000	0.000000	0.000000	0.000000	0.000000	1677615645.137831	0.000000
61.000000	25925.520173	-4420.035114	16203.785384	-3354.929788	15188.479744	7011.049332	-187500.022352	-187500.022352	-0.174000	-0.758000	-0.646000	192.000000	0.000000	0.000000	0.000000	0.000000	0.000000	0.000000	0.000000	0.000000	0.000000	1677615645.141783	0.000000
62.000000	25865.684553	-4423.790207	15958.877320	-3352.918131	15062.773533	6913.327505	-187500.022352	-187500.022352	-0.174000	-0.758000	-0.646000	192.000000	0.000000	0.000000	0.000000	0.000000	0.000000	0.000000	0.000000	0.000000	0.000000	1677615645.145761	0.000000
63.000000	25858.710809	-4430.719248	15993.433117	-3356.494410	15075.938711	6950.632566	-187500.022352	-187500.022352	-0.174000	-0.758000	-0.646000	192.000000	0.000000	0.000000	0.000000	0.000000	0.000000	0.000000	0.000000	0.000000	0.000000	1677615645.149811	0.000000
64.000000	25890.718507	-4434.831969	16247.348934	-3360.405965	15201.913142	7054.791695	-187500.022352	-187500.022352	-0.174000	-0.758000	-0.646000	192.000000	0.000000	0.000000	0.000000	0.000000	0.000000	0.000000	0.000000	0.000000	0.000000	1677615645.155850	0.000000
65.000000	25879.296765	-4435.614280	16242.856233	-3358.528418	15199.789727	7026.740256	-187500.022352	-187500.022352	-0.174000	-0.758000	-0.646000	192.000000	0.000000	0.000000	0.000000	0.000000	0.000000	0.000000	0.000000	0.000000	0.000000	1677615645.158769	0.000000
66.000000	25829.541782	-4438.877635	15991.510867	-3357.120258	15072.250673	6921.575298	-187500.022352	-187500.022352	-0.174000	-0.758000	-0.646000	192.000000	0.000000	0.000000	0.000000	0.000000	0.000000	0.000000	0.000000	0.000000	0.000000	1677615645.162868	0.000000
67.000000	25833.565096	-4439.391725	15961.738343	-3358.886046	15056.112713	6937.132113	-187500.022352	-187500.022352	-0.174000	-0.758000	-0.646000	192.000000	0.000000	0.000000	0.000000	0.000000	0.000000	0.000000	0.000000	0.000000	0.000000	1677615645.166894	0.000000
68.000000	25870.668992	-4440.442257	16211.250867	-3362.238808	15180.477819	7047.795599	-187500.022352	-187500.022352	-0.172000	-0.756000	-0.640000	192.000000	250.000000	160.000000	232.000000	96.000000	236.000000	0.000000	0.000000	0.000000	0.000000	1677615645.169950	0.000000
69.000000	25869.193777	-4439.436428	16273.031088	-3360.741241	15213.938381	7048.667317	-187500.022352	-187500.022352	-0.172000	-0.756000	-0.640000	192.000000	0.000000	0.000000	0.000000	0.000000	0.000000	0.000000	0.000000	0.000000	0.000000	1677615645.173827	0.000000
70.000000	25832.089881	-4438.363545	16032.325152	-3357.969625	15095.451784	6939.926081	-187500.022352	-187500.022352	-0.172000	-0.756000	-0.640000	192.000000	0.000000	0.000000	0.000000	0.000000	0.000000	0.000000	0.000000	0.000000	0.000000	1677615645.177818	0.000000
71.000000	25826.948980	-4438.475303	15940.772407	-3359.958930	15048.446065	6925.509206	-187500.022352	-187500.022352	-0.172000	-0.756000	-0.640000	192.000000	0.000000	0.000000	0.000000	0.000000	0.000000	0.000000	0.000000	0.000000	0.000000	1677615645.181908	0.000000
72.000000	25864.388152	-4439.570539	16169.900140	-3363.468154	15161.389430	7033.490483	-187500.022352	-187500.022352	-0.172000	-0.756000	-0.640000	192.000000	0.000000	0.000000	0.000000	0.000000	0.000000	0.000000	0.000000	0.000000	0.000000	1677615645.186896	0.000000
73.000000	25880.615518	-4438.899987	16290.800725	-3362.372918	15223.214355	7061.787791	-187500.022352	-187500.022352	-0.172000	-0.756000	-0.640000	192.000000	0.000000	0.000000	0.000000	0.000000	0.000000	0.000000	0.000000	0.000000	0.000000	1677615645.190834	0.000000
74.000000	25845.746797	-4438.162379	16075.128743	-3358.707232	15115.501298	6957.114572	-187500.022352	-187500.022352	-0.172000	-0.756000	-0.640000	192.000000	0.000000	0.000000	0.000000	0.000000	0.000000	0.000000	0.000000	0.000000	0.000000	1677615645.193829	0.000000
75.000000	25831.307570	-4437.022440	15929.685942	-3358.036680	15040.734713	6917.172005	-187500.022352	-187500.022352	-0.172000	-0.756000	-0.640000	192.000000	0.000000	0.000000	0.000000	0.000000	0.000000	0.000000	0.000000	0.000000	0.000000	1677615645.197953	0.000000
76.000000	25865.662201	-4437.625937	16125.531927	-3361.456497	15138.389485	7016.570212	-187500.022352	-187500.022352	-0.172000	-0.756000	-0.640000	192.000000	0.000000	0.000000	0.000000	0.000000	0.000000	0.000000	0.000000	0.000000	0.000000	1677615645.202048	0.000000
77.000000	25885.935233	-4438.497655	16298.735595	-3362.037642	15225.740102	7070.728489	-187500.022352	-187500.022352	-0.172000	-0.756000	-0.640000	192.000000	0.000000	0.000000	0.000000	0.000000	0.000000	0.000000	0.000000	0.000000	0.000000	1677615645.205866	0.000000
78.000000	25854.598088	-4436.776571	16119.921639	-3357.544942	15137.070732	6977.141735	-187500.022352	-187500.022352	-0.178000	-0.758000	-0.646000	192.000000	250.000000	112.000000	232.000000	80.000000	235.000000	208.000000	0.000000	0.000000	0.000000	1677615645.209834	0.000000
79.000000	25830.927590	-4434.563748	15929.842404	-3355.577988	15043.148702	6914.534499	-187500.022352	-187500.022352	-0.178000	-0.758000	-0.646000	192.000000	0.000000	0.000000	0.000000	0.000000	0.000000	0.000000	0.000000	0.000000	0.000000	1677615645.213936	0.000000
80.000000	25862.488253	-4432.663850	16077.766249	-3357.701404	15121.491566	6999.113500	-187500.022352	-187500.022352	-0.178000	-0.758000	-0.646000	192.000000	0.000000	0.000000	0.000000	0.000000	0.000000	0.000000	0.000000	0.000000	0.000000	1677615645.219017	0.000000
81.000000	25901.089716	-4430.048696	16291.270112	-3358.148439	15234.256117	7075.645873	-187500.022352	-187500.022352	-0.178000	-0.758000	-0.646000	192.000000	0.000000	0.000000	0.000000	0.000000	0.000000	0.000000	0.000000	0.000000	0.000000	1677615645.221949	0.000000
82.000000	25889.310347	-4429.132274	16167.150875	-3355.756802	15173.168799	6998.465299	-187500.022352	-187500.022352	-0.178000	-0.758000	-0.646000	192.000000	0.000000	0.000000	0.000000	0.000000	0.000000	0.000000	0.000000	0.000000	0.000000	1677615645.225888	0.000000
83.000000	25852.049989	-4427.768818	15943.253451	-3354.147476	15061.566539	6915.428569	-187500.022352	-187500.022352	-0.178000	-0.758000	-0.646000	192.000000	0.000000	0.000000	0.000000	0.000000	0.000000	0.000000	0.000000	0.000000	0.000000	1677615645.229956	0.000000
84.000000	25863.114102	-4429.758123	16033.599202	-3357.991976	15104.884220	6975.666520	-187500.022352	-187500.022352	-0.178000	-0.758000	-0.646000	192.000000	0.000000	0.000000	0.000000	0.000000	0.000000	0.000000	0.000000	0.000000	0.000000	1677615645.233944	0.000000
85.000000	25900.463867	-4429.869882	16275.869760	-3360.160096	15225.449529	7066.638120	-187500.022352	-187500.022352	-0.178000	-0.758000	-0.646000	192.000000	0.000000	0.000000	0.000000	0.000000	0.000000	0.000000	0.000000	0.000000	0.000000	1677615645.237922	0.000000
86.000000	25882.716582	-4426.695934	16210.490907	-3355.399174	15193.710052	7014.580907	-187500.022352	-187500.022352	-0.178000	-0.758000	-0.646000	192.000000	0.000000	0.000000	0.000000	0.000000	0.000000	0.000000	0.000000	0.000000	0.000000	1677615645.241930	0.000000
87.000000	25836.448471	-4427.142969	15963.861759	-3351.800543	15068.674394	6919.071903	-187500.022352	-187500.022352	-0.178000	-0.758000	-0.646000	192.000000	0.000000	0.000000	0.000000	0.000000	0.000000	0.000000	0.000000	0.000000	0.000000	1677615645.247052	0.000000
88.000000	25840.874117	-4429.288736	15989.566265	-3353.521628	15081.481943	6958.075697	-187500.022352	-187500.022352	-0.174000	-0.758000	-0.646000	192.000000	250.000000	144.000000	232.000000	80.000000	235.000000	208.000000	0.000000	0.000000	0.000000	1677615645.249988	0.000000
89.000000	25882.180140	-4426.673582	16240.531652	-3353.946311	15209.937419	7065.341719	-187500.022352	-187500.022352	-0.174000	-0.758000	-0.646000	192.000000	0.000000	0.000000	0.000000	0.000000	0.000000	0.000000	0.000000	0.000000	0.000000	1677615645.253916	0.000000
90.000000	25885.175274	-4424.639574	16241.559832	-3352.024061	15212.954904	7038.050239	-187500.022352	-187500.022352	-0.174000	-0.758000	-0.646000	192.000000	0.000000	0.000000	0.000000	0.000000	0.000000	0.000000	0.000000	0.000000	0.000000	1677615645.257883	0.000000
91.000000	25846.462053	-4426.628879	15992.919027	-3350.548846	15086.399327	6929.331354	-187500.022352	-187500.022352	-0.174000	-0.758000	-0.646000	192.000000	0.000000	0.000000	0.000000	0.000000	0.000000	0.000000	0.000000	0.000000	0.000000	1677615645.261912	0.000000
92.000000	25844.472747	-4427.634707	15956.485683	-3353.141648	15065.187522	6938.473217	-187500.022352	-187500.022352	-0.174000	-0.758000	-0.646000	192.000000	0.000000	0.000000	0.000000	0.000000	0.000000	0.000000	0.000000	0.000000	0.000000	1677615645.265956	0.000000
93.000000	25890.338527	-4423.164359	16202.868963	-3354.236883	15192.033671	7050.567216	-187500.022352	-187500.022352	-0.174000	-0.758000	-0.646000	192.000000	0.000000	0.000000	0.000000	0.000000	0.000000	0.000000	0.000000	0.000000	0.000000	1677615645.269963	0.000000
94.000000	25897.938120	-4421.487978	16270.281824	-3353.767497	15225.583640	7053.584701	-187500.022352	-187500.022352	-0.174000	-0.758000	-0.646000	192.000000	0.000000	0.000000	0.000000	0.000000	0.000000	0.000000	0.000000	0.000000	0.000000	1677615645.275020	0.000000
95.000000	25854.709846	-4425.533643	16034.403865	-3353.253407	15103.140784	6941.513055	-187500.022352	-187500.022352	-0.174000	-0.758000	-0.646000	192.000000	0.000000	0.000000	0.000000	0.000000	0.000000	0.000000	0.000000	0.000000	0.000000	1677615645.278050	0.000000
96.000000	25841.321151	-4428.841702	15939.543061	-3355.801506	15052.156455	6925.285688	-187500.022352	-187500.022352	-0.174000	-0.758000	-0.646000	192.000000	0.000000	0.000000	0.000000	0.000000	0.000000	0.000000	0.000000	0.000000	0.000000	1677615645.282042	0.000000
97.000000	25878.983841	-4431.479207	16167.642613	-3360.584779	15164.161046	7034.451608	-187500.022352	-187500.022352	-0.174000	-0.758000	-0.646000	192.000000	0.000000	0.000000	0.000000	0.000000	0.000000	0.000000	0.000000	0.000000	0.000000	1677615645.286009	0.000000
98.000000	25894.451248	-4430.540434	16296.925103	-3359.958930	15229.070512	7064.358242	-187500.022352	-187500.022352	-0.172000	-0.750000	-0.636000	192.000000	250.000000	160.000000	232.000000	144.000000	236.000000	32.000000	0.000000	0.000000	0.000000	1677615645.289936	0.000000
99.000000	25860.834224	-4428.126446	16085.321139	-3356.986148	15122.251525	6962.166066	-187500.022352	-187500.022352	-0.172000	-0.750000	-0.636000	192.000000	0.000000	0.000000	0.000000	0.000000	0.000000	0.000000	0.000000	0.000000	0.000000	1677615645.293987	0.000000
100.000000	25851.535899	-4424.617222	15936.078541	-3356.427354	15047.820216	6923.542252	-187500.022352	-187500.022352	-0.172000	-0.750000	-0.636000	192.000000	0.000000	0.000000	0.000000	0.000000	0.000000	0.000000	0.000000	0.000000	0.000000	1677615645.298019	0.000000
101.000000	25883.610652	-4426.517120	16129.219965	-3360.227151	15143.753903	7021.889928	-187500.022352	-187500.022352	-0.172000	-0.750000	-0.636000	192.000000	0.000000	0.000000	0.000000	0.000000	0.000000	0.000000	0.000000	0.000000	0.000000	1677615645.301978	0.000000
102.000000	25906.878818	-4428.528777	16309.062101	-3361.121221	15233.183233	7076.897571	-187500.022352	-187500.022352	-0.172000	-0.750000	-0.636000	192.000000	0.000000	0.000000	0.000000	0.000000	0.000000	0.000000	0.000000	0.000000	0.000000	1677615645.304959	0.000000
103.000000	25883.588300	-4427.701763	16134.740846	-3358.014328	15146.190244	6984.070776	-187500.022352	-187500.022352	-0.172000	-0.750000	-0.636000	192.000000	0.000000	0.000000	0.000000	0.000000	0.000000	0.000000	0.000000	0.000000	0.000000	1677615645.309963	0.000000
104.000000	25855.134529	-4431.054524	15941.219442	-3358.930750	15045.853263	6921.575298	-187500.022352	-187500.022352	-0.172000	-0.750000	-0.636000	192.000000	0.000000	0.000000	0.000000	0.000000	0.000000	0.000000	0.000000	0.000000	0.000000	1677615645.315036	0.000000
105.000000	25879.117951	-4434.563748	16084.337662	-3363.021119	15115.009560	7004.500270	-187500.022352	-187500.022352	-0.172000	-0.750000	-0.636000	192.000000	0.000000	0.000000	0.000000	0.000000	0.000000	0.000000	0.000000	0.000000	0.000000	1677615645.318087	0.000000
106.000000	25910.388042	-4434.831969	16300.523734	-3363.758727	15227.081207	7082.083175	-187500.022352	-187500.022352	-0.172000	-0.750000	-0.636000	192.000000	0.000000	0.000000	0.000000	0.000000	0.000000	0.000000	0.000000	0.000000	0.000000	1677615645.322076	0.000000
107.000000	25887.835132	-4432.708553	16181.545398	-3359.757764	15171.738287	7006.802500	-187500.022352	-187500.022352	-0.172000	-0.750000	-0.636000	192.000000	0.000000	0.000000	0.000000	0.000000	0.000000	0.000000	0.000000	0.000000	0.000000	1677615645.326024	0.000000
108.000000	25857.079131	-4430.160455	15954.652840	-3356.315596	15057.163245	6921.776464	-187500.022352	-187500.022352	-0.174000	-0.756000	-0.642000	192.000000	250.000000	144.000000	232.000000	96.000000	235.000000	240.000000	0.000000	0.000000	0.000000	1677615645.330012	0.000000
109.000000	25878.536806	-4428.640536	16037.108426	-3358.103735	15096.859943	6982.752023	-187500.022352	-187500.022352	-0.174000	-0.756000	-0.642000	192.000000	0.000000	0.000000	0.000000	0.000000	0.000000	0.000000	0.000000	0.000000	0.000000	1677615645.333013	0.000000
110.000000	25918.948760	-4426.025382	16278.596673	-3359.042508	15218.140509	7078.529248	-187500.022352	-187500.022352	-0.174000	-0.756000	-0.642000	192.000000	0.000000	0.000000	0.000000	0.000000	0.000000	0.000000	0.000000	0.000000	0.000000	1677615645.337020	0.000000
111.000000	25922.748556	-4418.090513	16219.521012	-3354.661567	15192.234837	7031.747047	-187500.022352	-187500.022352	-0.174000	-0.756000	-0.642000	192.000000	0.000000	0.000000	0.000000	0.000000	0.000000	0.000000	0.000000	0.000000	0.000000	1677615645.342019	0.000000
112.000000	25897.804010	-4414.067199	15974.188265	-3351.867599	15069.121429	6934.807531	-187500.022352	-187500.022352	-0.174000	-0.756000	-0.642000	192.000000	0.000000	0.000000	0.000000	0.000000	0.000000	0.000000	0.000000	0.000000	0.000000	1677615645.346069	0.000000
113.000000	25881.889568	-4421.510329	15994.997739	-3355.823857	15072.653004	6964.982386	-187500.022352	-187500.022352	-0.174000	-0.756000	-0.642000	192.000000	0.000000	0.000000	0.000000	0.000000	0.000000	0.000000	0.000000	0.000000	0.000000	1677615645.350096	0.000000
114.000000	25906.565893	-4425.332478	16246.119588	-3358.684881	15196.593427	7067.263969	-187500.022352	-187500.022352	-0.174000	-0.756000	-0.642000	192.000000	0.000000	0.000000	0.000000	0.000000	0.000000	0.000000	0.000000	0.000000	0.000000	1677615645.354014	0.000000
115.000000	25915.640702	-4421.532681	16254.546196	-3356.874389	15204.729462	7043.101733	-187500.022352	-187500.022352	-0.174000	-0.756000	-0.642000	192.000000	0.000000	0.000000	0.000000	0.000000	0.000000	0.000000	0.000000	0.000000	0.000000	1677615645.358056	0.000000
116.000000	25879.475579	-4419.744542	16003.916085	-3354.505104	15079.380879	6934.315793	-187500.022352	-187500.022352	-0.174000	-0.756000	-0.642000	192.000000	0.000000	0.000000	0.000000	0.000000	0.000000	0.000000	0.000000	0.000000	0.000000	1677615645.361065	0.000000
117.000000	25877.508626	-4419.811597	15959.816093	-3356.181485	15052.603489	6941.513055	-187500.022352	-187500.022352	-0.174000	-0.756000	-0.642000	192.000000	0.000000	0.000000	0.000000	0.000000	0.000000	0.000000	0.000000	0.000000	0.000000	1677615645.365082	0.000000
118.000000	25928.627065	-4417.129388	16204.947675	-3358.237846	15174.576959	7052.623576	-187500.022352	-187500.022352	-0.174000	-0.756000	-0.642000	192.000000	0.000000	0.000000	0.000000	0.000000	0.000000	0.000000	0.000000	0.000000	0.000000	1677615645.370033	0.000000
119.000000	25936.293714	-4415.967097	16277.702603	-3356.315596	15214.072491	7057.764477	-187500.022352	-187500.022352	-0.172000	-0.746000	-0.638000	192.000000	250.000000	160.000000	232.000000	176.000000	236.000000	16.000000	0.000000	0.000000	0.000000	1677615645.374050	0.000000
120.000000	25900.061536	-4412.256707	16040.662353	-3351.532322	15094.803583	6952.800686	-187500.022352	-187500.022352	-0.172000	-0.746000	-0.638000	192.000000	0.000000	0.000000	0.000000	0.000000	0.000000	0.000000	0.000000	0.000000	0.000000	1677615645.378086	0.000000
121.000000	25886.404620	-4415.542414	15939.319544	-3353.499276	15040.533547	6933.332316	-187500.022352	-187500.022352	-0.172000	-0.746000	-0.638000	192.000000	0.000000	0.000000	0.000000	0.000000	0.000000	0.000000	0.000000	0.000000	0.000000	1677615645.382143	0.000000
122.000000	25924.469641	-4419.051638	16161.719401	-3357.813163	15151.867587	7037.402038	-187500.022352	-187500.022352	-0.172000	-0.746000	-0.638000	192.000000	0.000000	0.000000	0.000000	0.000000	0.000000	0.000000	0.000000	0.000000	0.000000	1677615645.385128	0.000000
123.000000	25946.106129	-4417.688181	16293.594693	-3356.986148	15221.985009	7070.549675	-187500.022352	-187500.022352	-0.172000	-0.746000	-0.638000	192.000000	0.000000	0.000000	0.000000	0.000000	0.000000	0.000000	0.000000	0.000000	0.000000	1677615645.389085	0.000000
124.000000	25907.817591	-4419.185748	16087.422203	-3354.594511	15117.177679	6967.597540	-187500.022352	-187500.022352	-0.172000	-0.746000	-0.638000	192.000000	0.000000	0.000000	0.000000	0.000000	0.000000	0.000000	0.000000	0.000000	0.000000	1677615645.393193	0.000000
125.000000	25896.798181	-4421.085646	15932.435206	-3356.270892	15038.834815	6921.575298	-187500.022352	-187500.022352	-0.172000	-0.746000	-0.638000	192.000000	0.000000	0.000000	0.000000	0.000000	0.000000	0.000000	0.000000	0.000000	0.000000	1677615645.398192	0.000000
126.000000	25930.661074	-4422.672620	16117.865278	-3359.668357	15133.315639	7016.391398	-187500.022352	-187500.022352	-0.172000	-0.746000	-0.638000	192.000000	0.000000	0.000000	0.000000	0.000000	0.000000	0.000000	0.000000	0.000000	0.000000	1677615645.402154	0.000000
127.000000	25959.271307	-4420.906832	16300.724900	-3359.802468	15228.042332	7073.343643	-187500.022352	-187500.022352	-0.172000	-0.746000	-0.638000	192.000000	0.000000	0.000000	0.000000	0.000000	0.000000	0.000000	0.000000	0.000000	0.000000	1677615645.406113	0.000000
128.000000	25931.152812	-4415.520062	16133.712665	-3354.818029	15148.313659	6984.003721	-187500.022352	-187500.022352	-0.172000	-0.746000	-0.638000	192.000000	0.000000	0.000000	0.000000	0.000000	0.000000	0.000000	0.000000	0.000000	0.000000	1677615645.410158	0.000000
129.000000	25894.406544	-4415.408303	15934.290401	-3353.611035	15049.653059	6917.507281	-187500.022352	-187500.022352	-0.174000	-0.758000	-0.638000	192.000000	250.000000	144.000000	232.000000	80.000000	236.000000	16.000000	0.000000	0.000000	0.000000	1677615645.413135	0.000000
130.000000	25919.820478	-4417.464664	16069.987842	-3357.410831	15116.887107	6998.420596	-187500.022352	-187500.022352	-0.174000	-0.758000	-0.638000	192.000000	0.000000	0.000000	0.000000	0.000000	0.000000	0.000000	0.000000	0.000000	0.000000	1677615645.417173	0.000000
131.000000	25949.928278	-4419.833949	16291.359519	-3359.131915	15227.327076	7077.813992	-187500.022352	-187500.022352	-0.174000	-0.758000	-0.638000	192.000000	0.000000	0.000000	0.000000	0.000000	0.000000	0.000000	0.000000	0.000000	0.000000	1677615645.421104	0.000000
132.000000	25922.726205	-4419.811597	16176.650366	-3355.823857	15172.766468	7006.109596	-187500.022352	-187500.022352	-0.174000	-0.758000	-0.638000	192.000000	0.000000	0.000000	0.000000	0.000000	0.000000	0.000000	0.000000	0.000000	0.000000	1677615645.425139	0.000000
133.000000	25888.483332	-4419.252803	15947.433227	-3354.125125	15056.850321	6922.469368	-187500.022352	-187500.022352	-0.174000	-0.758000	-0.638000	192.000000	0.000000	0.000000	0.000000	0.000000	0.000000	0.000000	0.000000	0.000000	0.000000	1677615645.431402	0.000000
134.000000	25909.695138	-4420.258632	16025.932554	-3356.472058	15094.468307	6980.583904	-187500.022352	-187500.022352	-0.174000	-0.758000	-0.638000	192.000000	0.000000	0.000000	0.000000	0.000000	0.000000	0.000000	0.000000	0.000000	0.000000	1677615645.434110	0.000000
135.000000	25947.380179	-4420.884481	16267.979594	-3358.014328	15218.229916	7074.461231	-187500.022352	-187500.022352	-0.174000	-0.758000	-0.638000	192.000000	0.000000	0.000000	0.000000	0.000000	0.000000	0.000000	0.000000	0.000000	0.000000	1677615645.438108	0.000000
136.000000	25933.075062	-4417.464664	16217.978742	-3354.035718	15196.571076	7026.874367	-187500.022352	-187500.022352	-0.174000	-0.758000	-0.638000	192.000000	0.000000	0.000000	0.000000	0.000000	0.000000	0.000000	0.000000	0.000000	0.000000	1677615645.441160	0.000000
137.000000	25895.188856	-4414.335419	15970.343765	-3350.146514	15071.893045	6930.583052	-187500.022352	-187500.022352	-0.174000	-0.758000	-0.638000	192.000000	0.000000	0.000000	0.000000	0.000000	0.000000	0.000000	0.000000	0.000000	0.000000	1677615645.445102	0.000000
138.000000	25904.509533	-4413.642515	15983.240722	-3352.471096	15078.397403	6963.328357	-187500.022352	-187500.022352	-0.174000	-0.758000	-0.638000	192.000000	0.000000	0.000000	0.000000	0.000000	0.000000	0.000000	0.000000	0.000000	0.000000	1677615645.449195	0.000000
139.000000	25947.849565	-4410.736789	16235.167233	-3353.633386	15208.462204	7070.102640	-187500.022352	-187500.022352	-0.178000	-0.758000	-0.642000	192.000000	250.000000	112.000000	232.000000	80.000000	235.000000	240.000000	0.000000	0.000000	0.000000	1677615645.453129	0.000000
140.000000	25945.390874	-4407.361675	16249.025315	-3350.258273	15219.213393	7050.366050	-187500.022352	-187500.022352	-0.178000	-0.758000	-0.642000	192.000000	0.000000	0.000000	0.000000	0.000000	0.000000	0.000000	0.000000	0.000000	0.000000	1677615645.458178	0.000000
141.000000	25904.487181	-4408.278097	15999.803364	-3348.023098	15096.211743	6941.893034	-187500.022352	-187500.022352	-0.178000	-0.758000	-0.642000	192.000000	0.000000	0.000000	0.000000	0.000000	0.000000	0.000000	0.000000	0.000000	0.000000	1677615645.462145	0.000000
142.000000	25900.553274	-4410.893251	15950.450712	-3350.124162	15067.869731	6947.100991	-187500.022352	-187500.022352	-0.178000	-0.758000	-0.642000	192.000000	0.000000	0.000000	0.000000	0.000000	0.000000	0.000000	0.000000	0.000000	0.000000	1677615645.466192	0.000000
143.000000	25940.339379	-4412.055542	16196.990454	-3353.633386	15187.473916	7056.579835	-187500.022352	-187500.022352	-0.178000	-0.758000	-0.642000	192.000000	0.000000	0.000000	0.000000	0.000000	0.000000	0.000000	0.000000	0.000000	0.000000	1677615645.469193	0.000000
144.000000	25951.649362	-4409.976829	16277.166161	-3352.381689	15229.942230	7063.732393	-187500.022352	-187500.022352	-0.178000	-0.758000	-0.642000	192.000000	0.000000	0.000000	0.000000	0.000000	0.000000	0.000000	0.000000	0.000000	0.000000	1677615645.473307	0.000000
145.000000	25916.713585	-4409.462739	16041.489368	-3349.453610	15113.780214	6955.862874	-187500.022352	-187500.022352	-0.178000	-0.758000	-0.642000	192.000000	0.000000	0.000000	0.000000	0.000000	0.000000	0.000000	0.000000	0.000000	0.000000	1677615645.477220	0.000000
146.000000	25904.241312	-4413.463701	15935.430340	-3352.448744	15057.230301	6933.377020	-187500.022352	-187500.022352	-0.178000	-0.758000	-0.642000	192.000000	0.000000	0.000000	0.000000	0.000000	0.000000	0.000000	0.000000	0.000000	0.000000	1677615645.481241	0.000000
147.000000	25933.008007	-4416.369428	16158.321936	-3357.410831	15166.195055	7039.637213	-187500.022352	-187500.022352	-0.178000	-0.758000	-0.642000	192.000000	0.000000	0.000000	0.000000	0.000000	0.000000	0.000000	0.000000	0.000000	0.000000	1677615645.486185	0.000000
148.000000	25946.866089	-4416.637649	16296.902752	-3357.679052	15236.066608	7076.808164	-187500.022352	-187500.022352	-0.178000	-0.758000	-0.642000	192.000000	0.000000	0.000000	0.000000	0.000000	0.000000	0.000000	0.000000	0.000000	0.000000	1677615645.490173	0.000000
149.000000	25914.053728	-4415.385951	16090.596150	-3353.901607	15131.885127	6977.074680	-187500.022352	-187500.022352	-0.176000	-0.750000	-0.640000	192.000000	250.000000	128.000000	232.000000	144.000000	236.000000	0.000000	0.000000	0.000000	0.000000	1677615645.494251	0.000000
150.000000	25894.495951	-4414.380123	15929.551831	-3352.247578	15049.898928	6932.527653	-187500.022352	-187500.022352	-0.176000	-0.750000	-0.640000	192.000000	0.000000	0.000000	0.000000	0.000000	0.000000	0.000000	0.000000	0.000000	0.000000	1677615645.497261	0.000000
151.000000	25926.146022	-4413.173129	16110.064520	-3354.885084	15141.026991	7028.237823	-187500.022352	-187500.022352	-0.176000	-0.750000	-0.640000	192.000000	0.000000	0.000000	0.000000	0.000000	0.000000	0.000000	0.000000	0.000000	0.000000	1677615645.501142	0.000000
152.000000	25948.967153	-4413.888385	16298.534429	-3356.583817	15236.491291	7088.386367	-187500.022352	-187500.022352	-0.176000	-0.750000	-0.640000	192.000000	0.000000	0.000000	0.000000	0.000000	0.000000	0.000000	0.000000	0.000000	0.000000	1677615645.505184	0.000000
153.000000	25918.769946	-4414.402475	16138.205366	-3354.482753	15155.846197	6998.666465	-187500.022352	-187500.022352	-0.176000	-0.750000	-0.640000	192.000000	0.000000	0.000000	0.000000	0.000000	0.000000	0.000000	0.000000	0.000000	0.000000	1677615645.509241	0.000000
154.000000	25895.010042	-4414.402475	15935.184471	-3354.035718	15052.648193	6928.683153	-187500.022352	-187500.022352	-0.176000	-0.750000	-0.640000	192.000000	0.000000	0.000000	0.000000	0.000000	0.000000	0.000000	0.000000	0.000000	0.000000	1677615645.513219	0.000000
155.000000	25918.479373	-4418.179920	16064.779885	-3358.260197	15115.769519	7004.299105	-187500.022352	-187500.022352	-0.176000	-0.750000	-0.640000	192.000000	0.000000	0.000000	0.000000	0.000000	0.000000	0.000000	0.000000	0.000000	0.000000	1677615645.518260	0.000000
156.000000	25950.464720	-4418.470492	16287.470315	-3359.377785	15232.289163	7083.357225	-187500.022352	-187500.022352	-0.176000	-0.750000	-0.640000	192.000000	0.000000	0.000000	0.000000	0.000000	0.000000	0.000000	0.000000	0.000000	0.000000	1677615645.521179	0.000000
157.000000	25928.627065	-4417.352905	16181.187771	-3355.801506	15183.361195	7014.312686	-187500.022352	-187500.022352	-0.176000	-0.750000	-0.640000	192.000000	0.000000	0.000000	0.000000	0.000000	0.000000	0.000000	0.000000	0.000000	0.000000	1677615645.525239	0.000000
158.000000	25900.374460	-4414.827158	15949.109608	-3353.901607	15067.377993	6928.504339	-187500.022352	-187500.022352	-0.176000	-0.750000	-0.640000	192.000000	0.000000	0.000000	0.000000	0.000000	0.000000	0.000000	0.000000	0.000000	0.000000	1677615645.529198	0.000000
159.000000	25924.715510	-4415.900042	16020.635190	-3357.835514	15100.547981	6983.534334	-187500.022352	-187500.022352	-0.174000	-0.756000	-0.642000	192.000000	250.000000	144.000000	232.000000	96.000000	235.000000	240.000000	0.000000	0.000000	0.000000	1677615645.533226	0.000000
160.000000	25959.450121	-4417.062332	16267.376097	-3360.517724	15226.745931	7079.892704	-187500.022352	-187500.022352	-0.174000	-0.756000	-0.642000	192.000000	0.000000	0.000000	0.000000	0.000000	0.000000	0.000000	0.000000	0.000000	0.000000	1677615645.537290	0.000000
161.000000	25942.663961	-4416.257669	16223.812547	-3356.874389	15209.848012	7033.557538	-187500.022352	-187500.022352	-0.174000	-0.756000	-0.642000	192.000000	0.000000	0.000000	0.000000	0.000000	0.000000	0.000000	0.000000	0.000000	0.000000	1677615645.542282	0.000000
162.000000	25904.487181	-4415.028324	15975.931701	-3353.141648	15084.611188	6932.572357	-187500.022352	-187500.022352	-0.174000	-0.756000	-0.642000	192.000000	0.000000	0.000000	0.000000	0.000000	0.000000	0.000000	0.000000	0.000000	0.000000	1677615645.546251	0.000000
163.000000	25918.725242	-4414.000143	15981.989024	-3354.907436	15086.064051	6962.099011	-187500.022352	-187500.022352	-0.174000	-0.756000	-0.642000	192.000000	0.000000	0.000000	0.000000	0.000000	0.000000	0.000000	0.000000	0.000000	0.000000	1677615645.549341	0.000000
164.000000	25960.344191	-4413.284887	16235.256640	-3357.768459	15215.212430	7069.253274	-187500.022352	-187500.022352	-0.174000	-0.756000	-0.642000	192.000000	0.000000	0.000000	0.000000	0.000000	0.000000	0.000000	0.000000	0.000000	0.000000	1677615645.553376	0.000000
165.000000	25958.243127	-4411.139120	16259.597690	-3355.130953	15230.277506	7052.712983	-187500.022352	-187500.022352	-0.174000	-0.756000	-0.642000	192.000000	0.000000	0.000000	0.000000	0.000000	0.000000	0.000000	0.000000	0.000000	0.000000	1677615645.557350	0.000000
166.000000	25917.697062	-4410.915603	16012.610914	-3352.404040	15103.923095	6948.151523	-187500.022352	-187500.022352	-0.174000	-0.756000	-0.642000	192.000000	0.000000	0.000000	0.000000	0.000000	0.000000	0.000000	0.000000	0.000000	0.000000	1677615645.561339	0.000000
167.000000	25914.098431	-4412.279059	15956.418628	-3354.750974	15073.524722	6951.928967	-187500.022352	-187500.022352	-0.174000	-0.756000	-0.642000	192.000000	0.000000	0.000000	0.000000	0.000000	0.000000	0.000000	0.000000	0.000000	0.000000	1677615645.565389	0.000000
168.000000	25956.969077	-4414.558937	16198.800945	-3358.461363	15194.514715	7060.156114	-187500.022352	-187500.022352	-0.174000	-0.756000	-0.642000	192.000000	0.000000	0.000000	0.000000	0.000000	0.000000	0.000000	0.000000	0.000000	0.000000	1677615645.569346	0.000000
169.000000	25956.097359	-4417.956402	16286.464487	-3357.947273	15238.927631	7067.822762	-187500.022352	-187500.022352	-0.170000	-0.760000	-0.648000	192.000000	250.000000	176.000000	232.000000	64.000000	235.000000	192.000000	0.000000	0.000000	0.000000	1677615645.574363	0.000000
170.000000	25912.444402	-4416.682353	16053.671068	-3354.035718	15124.039665	6957.919235	-187500.022352	-187500.022352	-0.170000	-0.760000	-0.648000	192.000000	0.000000	0.000000	0.000000	0.000000	0.000000	0.000000	0.000000	0.000000	0.000000	1677615645.577333	0.000000
171.000000	25901.201475	-4414.514233	15938.716047	-3354.236883	15065.723963	6933.734647	-187500.022352	-187500.022352	-0.170000	-0.760000	-0.648000	192.000000	0.000000	0.000000	0.000000	0.000000	0.000000	0.000000	0.000000	0.000000	0.000000	1677615645.581418	0.000000
172.000000	25937.947743	-4415.609469	16155.706782	-3357.835514	15176.074526	7038.005535	-187500.022352	-187500.022352	-0.170000	-0.760000	-0.648000	192.000000	0.000000	0.000000	0.000000	0.000000	0.000000	0.000000	0.000000	0.000000	0.000000	1677615645.585328	0.000000
173.000000	25951.090568	-4414.983620	16299.942589	-3357.768459	15249.790579	7076.495239	-187500.022352	-187500.022352	-0.170000	-0.760000	-0.648000	192.000000	0.000000	0.000000	0.000000	0.000000	0.000000	0.000000	0.000000	0.000000	0.000000	1677615645.589410	0.000000
174.000000	25919.664016	-4411.541451	16098.709833	-3353.588683	15149.967688	6975.934741	-187500.022352	-187500.022352	-0.170000	-0.760000	-0.648000	192.000000	0.000000	0.000000	0.000000	0.000000	0.000000	0.000000	0.000000	0.000000	0.000000	1677615645.595313	0.000000
175.000000	25900.106239	-4411.742617	15934.402160	-3353.834552	15064.919301	6927.297345	-187500.022352	-187500.022352	-0.170000	-0.760000	-0.648000	192.000000	0.000000	0.000000	0.000000	0.000000	0.000000	0.000000	0.000000	0.000000	0.000000	1677615645.598365	0.000000
176.000000	25925.274304	-4416.481187	16111.919714	-3359.064860	15151.442903	7020.392361	-187500.022352	-187500.022352	-0.170000	-0.760000	-0.648000	192.000000	0.000000	0.000000	0.000000	0.000000	0.000000	0.000000	0.000000	0.000000	0.000000	1677615645.602320	0.000000
177.000000	25945.748502	-4418.515196	16305.329359	-3359.780116	15248.829454	7082.999597	-187500.022352	-187500.022352	-0.170000	-0.760000	-0.648000	192.000000	0.000000	0.000000	0.000000	0.000000	0.000000	0.000000	0.000000	0.000000	0.000000	1677615645.605376	0.000000
178.000000	25915.350129	-4418.112864	16147.347229	-3356.069726	15172.721764	6997.057140	-187500.022352	-187500.022352	-0.170000	-0.760000	-0.648000	192.000000	0.000000	0.000000	0.000000	0.000000	0.000000	0.000000	0.000000	0.000000	0.000000	1677615645.609360	0.000000
179.000000	25881.442533	-4419.453969	15941.308849	-3354.929788	15068.607339	6927.923194	-187500.022352	-187500.022352	-0.170000	-0.754000	-0.652000	192.000000	250.000000	176.000000	232.000000	112.000000	235.000000	160.000000	0.000000	0.000000	0.000000	1677615645.613445	0.000000
180.000000	25895.121800	-4425.623050	16066.076287	-3359.266026	15128.755883	7000.611067	-187500.022352	-187500.022352	-0.170000	-0.754000	-0.652000	192.000000	0.000000	0.000000	0.000000	0.000000	0.000000	0.000000	0.000000	0.000000	0.000000	1677615645.617437	0.000000
181.000000	25921.720376	-4428.595832	16293.393528	-3361.680014	15243.509739	7081.636141	-187500.022352	-187500.022352	-0.170000	-0.754000	-0.652000	192.000000	0.000000	0.000000	0.000000	0.000000	0.000000	0.000000	0.000000	0.000000	0.000000	1677615645.621418	0.000000
182.000000	25883.834169	-4431.143931	16191.916608	-3359.221322	15192.771279	7015.251460	-187500.022352	-187500.022352	-0.170000	-0.754000	-0.652000	192.000000	0.000000	0.000000	0.000000	0.000000	0.000000	0.000000	0.000000	0.000000	0.000000	1677615645.626353	0.000000
183.000000	25838.795404	-4432.887367	15958.564396	-3358.439011	15073.278853	6927.811435	-187500.022352	-187500.022352	-0.170000	-0.754000	-0.652000	192.000000	0.000000	0.000000	0.000000	0.000000	0.000000	0.000000	0.000000	0.000000	0.000000	1677615645.630464	0.000000
184.000000	25857.906146	-4432.105056	16022.043350	-3360.853000	15104.593647	6979.511020	-187500.022352	-187500.022352	-0.170000	-0.754000	-0.652000	192.000000	0.000000	0.000000	0.000000	0.000000	0.000000	0.000000	0.000000	0.000000	0.000000	1677615645.633330	0.000000
185.000000	25894.853579	-4433.110885	16270.550045	-3362.954064	15229.450492	7078.149268	-187500.022352	-187500.022352	-0.170000	-0.754000	-0.652000	192.000000	0.000000	0.000000	0.000000	0.000000	0.000000	0.000000	0.000000	0.000000	0.000000	1677615645.637333	0.000000
186.000000	25878.380344	-4435.614280	16236.441283	-3361.098869	15213.737215	7035.211567	-187500.022352	-187500.022352	-0.170000	-0.754000	-0.652000	192.000000	0.000000	0.000000	0.000000	0.000000	0.000000	0.000000	0.000000	0.000000	0.000000	1677615645.641402	0.000000
187.000000	25836.984913	-4436.687164	15987.219332	-3359.713061	15089.506220	6931.968860	-187500.022352	-187500.022352	-0.170000	-0.754000	-0.652000	192.000000	0.000000	0.000000	0.000000	0.000000	0.000000	0.000000	0.000000	0.000000	0.000000	1677615645.645357	0.000000
188.000000	25845.702093	-4438.475303	15986.057041	-3362.171753	15085.505257	6957.986290	-187500.022352	-187500.022352	-0.170000	-0.754000	-0.652000	192.000000	0.000000	0.000000	0.000000	0.000000	0.000000	0.000000	0.000000	0.000000	0.000000	1677615645.649322	0.000000
189.000000	25898.049879	-4440.196388	16239.525824	-3364.921017	15210.093881	7065.006443	-187500.022352	-187500.022352	-0.172000	-0.760000	-0.646000	192.000000	250.000000	160.000000	232.000000	64.000000	235.000000	208.000000	0.000000	0.000000	0.000000	1677615645.653377	0.000000
190.000000	25914.679577	-4439.145856	16270.997080	-3363.468154	15226.656524	7050.947195	-187500.022352	-187500.022352	-0.172000	-0.760000	-0.646000	192.000000	0.000000	0.000000	0.000000	0.000000	0.000000	0.000000	0.000000	0.000000	0.000000	1677615645.658374	0.000000
191.000000	25879.564986	-4437.089495	16023.049178	-3360.070689	15102.805508	6943.636470	-187500.022352	-187500.022352	-0.172000	-0.760000	-0.646000	192.000000	0.000000	0.000000	0.000000	0.000000	0.000000	0.000000	0.000000	0.000000	0.000000	1677615645.661379	0.000000
192.000000	25844.830375	-4438.072972	15960.620756	-3361.121221	15069.054373	6943.390601	-187500.022352	-187500.022352	-0.172000	-0.760000	-0.646000	192.000000	0.000000	0.000000	0.000000	0.000000	0.000000	0.000000	0.000000	0.000000	0.000000	1677615645.665438	0.000000
193.000000	25857.392056	-4438.855283	16201.885486	-3363.401099	15189.127945	7054.612881	-187500.022352	-187500.022352	-0.172000	-0.760000	-0.646000	192.000000	0.000000	0.000000	0.000000	0.000000	0.000000	0.000000	0.000000	0.000000	0.000000	1677615645.669418	0.000000
194.000000	25878.313288	-4437.424771	16296.858048	-3362.775250	15237.184195	7069.275626	-187500.022352	-187500.022352	-0.172000	-0.760000	-0.646000	192.000000	0.000000	0.000000	0.000000	0.000000	0.000000	0.000000	0.000000	0.000000	0.000000	1677615645.673379	0.000000
195.000000	25874.178216	-4435.100190	16068.087944	-3359.646006	15121.759787	6962.434287	-187500.022352	-187500.022352	-0.172000	-0.760000	-0.646000	192.000000	0.000000	0.000000	0.000000	0.000000	0.000000	0.000000	0.000000	0.000000	0.000000	1677615645.677382	0.000000
196.000000	25876.011059	-4434.362582	15946.919137	-3360.383613	15058.839626	6932.550005	-187500.022352	-187500.022352	-0.172000	-0.760000	-0.646000	192.000000	0.000000	0.000000	0.000000	0.000000	0.000000	0.000000	0.000000	0.000000	0.000000	1677615645.681497	0.000000
197.000000	25889.444457	-4434.228472	16158.187825	-3363.356395	15167.133828	7034.988050	-187500.022352	-187500.022352	-0.172000	-0.760000	-0.646000	192.000000	0.000000	0.000000	0.000000	0.000000	0.000000	0.000000	0.000000	0.000000	0.000000	1677615645.686590	0.000000
198.000000	25901.380289	-4433.155588	16306.692816	-3363.311692	15246.504873	7074.148306	-187500.022352	-187500.022352	-0.172000	-0.760000	-0.646000	192.000000	0.000000	0.000000	0.000000	0.000000	0.000000	0.000000	0.000000	0.000000	0.000000	1677615645.689424	0.000000
199.000000	25875.586376	-4430.540434	16109.796299	-3359.131915	15150.526482	6973.408994	-187500.022352	-187500.022352	-0.180000	-0.764000	-0.648000	192.000000	250.000000	96.000000	232.000000	32.000000	235.000000	192.000000	0.000000	0.000000	0.000000	1677615645.693416	0.000000
200.000000	25870.803102	-4428.707591	15939.006619	-3357.477886	15063.913472	6925.509206	-187500.022352	-187500.022352	-0.180000	-0.764000	-0.648000	192.000000	0.000000	0.000000	0.000000	0.000000	0.000000	0.000000	0.000000	0.000000	0.000000	1677615645.697439	0.000000
201.000000	25905.180085	-4427.411190	16109.349264	-3360.182447	15150.258261	7019.408884	-187500.022352	-187500.022352	-0.180000	-0.764000	-0.648000	192.000000	0.000000	0.000000	0.000000	0.000000	0.000000	0.000000	0.000000	0.000000	0.000000	1677615645.701496	0.000000
202.000000	25933.633856	-4424.572518	16304.904676	-3360.271854	15249.634117	7085.190068	-187500.022352	-187500.022352	-0.180000	-0.764000	-0.648000	192.000000	0.000000	0.000000	0.000000	0.000000	0.000000	0.000000	0.000000	0.000000	0.000000	1677615645.705434	0.000000
203.000000	25898.809838	-4421.957364	16155.103285	-3356.539113	15174.644014	6998.465299	-187500.022352	-187500.022352	-0.180000	-0.764000	-0.648000	192.000000	0.000000	0.000000	0.000000	0.000000	0.000000	0.000000	0.000000	0.000000	0.000000	1677615645.709482	0.000000
204.000000	25865.729256	-4422.002068	15945.198053	-3355.600340	15067.936786	6922.089389	-187500.022352	-187500.022352	-0.180000	-0.764000	-0.648000	192.000000	0.000000	0.000000	0.000000	0.000000	0.000000	0.000000	0.000000	0.000000	0.000000	1677615645.713443	0.000000
205.000000	25891.232597	-4425.310126	16062.388249	-3359.333081	15125.269011	6995.000779	-187500.022352	-187500.022352	-0.180000	-0.764000	-0.648000	192.000000	0.000000	0.000000	0.000000	0.000000	0.000000	0.000000	0.000000	0.000000	0.000000	1677615645.716479	0.000000
206.000000	25929.454080	-4428.327611	16291.001891	-3361.903532	15242.615669	7079.870353	-187500.022352	-187500.022352	-0.180000	-0.764000	-0.648000	192.000000	0.000000	0.000000	0.000000	0.000000	0.000000	0.000000	0.000000	0.000000	0.000000	1677615645.720443	0.000000
207.000000	25928.828231	-4428.126446	16198.823297	-3358.729584	15201.108480	7013.217451	-187500.022352	-187500.022352	-0.180000	-0.764000	-0.648000	192.000000	0.000000	0.000000	0.000000	0.000000	0.000000	0.000000	0.000000	0.000000	0.000000	1677615645.725537	0.000000
208.000000	25898.049879	-4426.226548	15962.475951	-3356.337947	15082.778344	6921.217671	-187500.022352	-187500.022352	-0.180000	-0.764000	-0.648000	192.000000	0.000000	0.000000	0.000000	0.000000	0.000000	0.000000	0.000000	0.000000	0.000000	1677615645.729483	0.000000
209.000000	25897.200513	-4426.248899	16019.651713	-3359.288378	15108.862830	6970.592674	-187500.022352	-187500.022352	-0.178000	-0.762000	-0.642000	192.000000	250.000000	112.000000	232.000000	48.000000	235.000000	240.000000	0.000000	0.000000	0.000000	1677615645.733484	0.000000
210.000000	25922.748556	-4426.450065	16268.270167	-3360.651834	15235.887794	7070.862600	-187500.022352	-187500.022352	-0.178000	-0.762000	-0.642000	192.000000	0.000000	0.000000	0.000000	0.000000	0.000000	0.000000	0.000000	0.000000	0.000000	1677615645.737465	0.000000
211.000000	25910.455097	-4426.450065	16241.179853	-3358.215494	15225.114253	7029.891852	-187500.022352	-187500.022352	-0.178000	-0.762000	-0.642000	192.000000	0.000000	0.000000	0.000000	0.000000	0.000000	0.000000	0.000000	0.000000	0.000000	1677615645.740544	0.000000
212.000000	25873.172387	-4427.277079	15992.874323	-3355.645043	15098.178696	6926.716200	-187500.022352	-187500.022352	-0.178000	-0.762000	-0.642000	192.000000	0.000000	0.000000	0.000000	0.000000	0.000000	0.000000	0.000000	0.000000	0.000000	1677615645.744548	0.000000
213.000000	25885.532902	-4426.807693	15985.945283	-3356.606168	15091.987263	6953.135962	-187500.022352	-187500.022352	-0.178000	-0.762000	-0.642000	192.000000	0.000000	0.000000	0.000000	0.000000	0.000000	0.000000	0.000000	0.000000	0.000000	1677615645.748616	0.000000
214.000000	25931.733958	-4426.137141	16237.603574	-3358.528418	15218.922820	7064.313539	-187500.022352	-187500.022352	-0.178000	-0.762000	-0.642000	192.000000	0.000000	0.000000	0.000000	0.000000	0.000000	0.000000	0.000000	0.000000	0.000000	1677615645.754503	0.000000
215.000000	25938.998275	-4425.779513	16275.310966	-3356.539113	15240.693419	7055.819876	-187500.022352	-187500.022352	-0.178000	-0.762000	-0.642000	192.000000	0.000000	0.000000	0.000000	0.000000	0.000000	0.000000	0.000000	0.000000	0.000000	1677615645.757478	0.000000
216.000000	25902.028489	-4426.070085	16029.620591	-3354.058069	15117.892935	6948.106819	-187500.022352	-187500.022352	-0.178000	-0.762000	-0.642000	192.000000	0.000000	0.000000	0.000000	0.000000	0.000000	0.000000	0.000000	0.000000	0.000000	1677615645.762501	0.000000
217.000000	25896.753478	-4425.511292	15960.129018	-3355.689747	15081.124315	6944.307023	-187500.022352	-187500.022352	-0.178000	-0.762000	-0.642000	192.000000	0.000000	0.000000	0.000000	0.000000	0.000000	0.000000	0.000000	0.000000	0.000000	1677615645.766539	0.000000
218.000000	25934.729091	-4424.483111	16197.325730	-3358.059032	15199.476802	7052.087134	-187500.022352	-187500.022352	-0.178000	-0.762000	-0.642000	192.000000	0.000000	0.000000	0.000000	0.000000	0.000000	0.000000	0.000000	0.000000	0.000000	1677615645.769511	0.000000
219.000000	25932.382158	-4421.823254	16297.506249	-3356.695575	15250.841111	7068.985053	-187500.022352	-187500.022352	-0.180000	-0.758000	-0.642000	192.000000	250.000000	96.000000	232.000000	80.000000	235.000000	240.000000	0.000000	0.000000	0.000000	1677615645.772512	0.000000
220.000000	25900.039184	-4420.035114	16071.753630	-3354.035718	15136.891918	6964.535351	-187500.022352	-187500.022352	-0.180000	-0.758000	-0.642000	192.000000	0.000000	0.000000	0.000000	0.000000	0.000000	0.000000	0.000000	0.000000	0.000000	1677615645.776501	0.000000
221.000000	25890.338527	-4419.565728	15946.092122	-3355.198008	15072.585949	6935.276918	-187500.022352	-187500.022352	-0.180000	-0.758000	-0.642000	192.000000	0.000000	0.000000	0.000000	0.000000	0.000000	0.000000	0.000000	0.000000	0.000000	1677615645.781553	0.000000
222.000000	25929.521135	-4419.073989	16154.343325	-3358.416660	15177.348575	7038.743143	-187500.022352	-187500.022352	-0.180000	-0.758000	-0.642000	192.000000	0.000000	0.000000	0.000000	0.000000	0.000000	0.000000	0.000000	0.000000	0.000000	1677615645.785544	0.000000
223.000000	25939.825289	-4416.190614	16307.743348	-3356.986148	15257.457227	7085.413585	-187500.022352	-187500.022352	-0.180000	-0.758000	-0.642000	192.000000	0.000000	0.000000	0.000000	0.000000	0.000000	0.000000	0.000000	0.000000	0.000000	1677615645.789594	0.000000
224.000000	25903.123725	-4413.620164	16113.953723	-3353.700442	15162.954052	6986.976503	-187500.022352	-187500.022352	-0.180000	-0.758000	-0.642000	192.000000	0.000000	0.000000	0.000000	0.000000	0.000000	0.000000	0.000000	0.000000	0.000000	1677615645.793544	0.000000
225.000000	25882.068382	-4413.888385	15939.051323	-3353.700442	15073.189446	6931.857101	-187500.022352	-187500.022352	-0.180000	-0.758000	-0.642000	192.000000	0.000000	0.000000	0.000000	0.000000	0.000000	0.000000	0.000000	0.000000	0.000000	1677615645.796527	0.000000
226.000000	25911.483277	-4416.838815	16104.744804	-3356.829686	15153.231043	7022.381666	-187500.022352	-187500.022352	-0.180000	-0.758000	-0.642000	192.000000	0.000000	0.000000	0.000000	0.000000	0.000000	0.000000	0.000000	0.000000	0.000000	1677615645.800563	0.000000
227.000000	25938.059501	-4419.476321	16304.792917	-3358.439011	15251.891643	7089.950989	-187500.022352	-187500.022352	-0.180000	-0.758000	-0.642000	192.000000	0.000000	0.000000	0.000000	0.000000	0.000000	0.000000	0.000000	0.000000	0.000000	1677615645.804534	0.000000
228.000000	25919.284036	-4419.990411	16160.601814	-3355.689747	15181.640110	7004.187346	-187500.022352	-187500.022352	-0.180000	-0.758000	-0.642000	192.000000	0.000000	0.000000	0.000000	0.000000	0.000000	0.000000	0.000000	0.000000	0.000000	1677615645.809513	0.000000
229.000000	25890.047954	-4419.632783	15948.215538	-3353.968662	15074.575254	6928.012601	-187500.022352	-187500.022352	-0.162000	-0.746000	-0.644000	192.000000	250.000000	240.000000	232.000000	176.000000	235.000000	224.000000	0.000000	0.000000	0.000000	1677615645.813658	0.000000
230.000000	25905.984748	-4419.655135	16059.437818	-3357.232017	15127.973572	6998.845279	-187500.022352	-187500.022352	-0.162000	-0.746000	-0.644000	192.000000	0.000000	0.000000	0.000000	0.000000	0.000000	0.000000	0.000000	0.000000	0.000000	1677615645.817606	0.000000
231.000000	25941.076987	-4419.208100	16291.650092	-3359.511895	15247.086018	7084.139536	-187500.022352	-187500.022352	-0.162000	-0.746000	-0.644000	192.000000	0.000000	0.000000	0.000000	0.000000	0.000000	0.000000	0.000000	0.000000	0.000000	1677615645.821582	0.000000
232.000000	25927.621237	-4417.911699	16205.640579	-3356.516761	15207.702244	7021.375837	-187500.022352	-187500.022352	-0.162000	-0.746000	-0.644000	192.000000	0.000000	0.000000	0.000000	0.000000	0.000000	0.000000	0.000000	0.000000	0.000000	1677615645.824601	0.000000
233.000000	25889.176236	-4418.135216	15967.952128	-3353.521628	15088.768612	6929.018429	-187500.022352	-187500.022352	-0.162000	-0.746000	-0.644000	192.000000	0.000000	0.000000	0.000000	0.000000	0.000000	0.000000	0.000000	0.000000	0.000000	1677615645.828557	0.000000
234.000000	25905.872989	-4418.984582	16016.835394	-3355.756802	15110.807432	6976.292369	-187500.022352	-187500.022352	-0.162000	-0.746000	-0.644000	192.000000	0.000000	0.000000	0.000000	0.000000	0.000000	0.000000	0.000000	0.000000	0.000000	1677615645.832556	0.000000
235.000000	25949.548298	-4419.588079	16268.270167	-3358.148439	15236.357181	7079.758594	-187500.022352	-187500.022352	-0.162000	-0.746000	-0.644000	192.000000	0.000000	0.000000	0.000000	0.000000	0.000000	0.000000	0.000000	0.000000	0.000000	1677615645.837578	0.000000
236.000000	25935.734920	-4421.040943	16246.946603	-3356.047375	15226.991800	7043.481713	-187500.022352	-187500.022352	-0.162000	-0.746000	-0.644000	192.000000	0.000000	0.000000	0.000000	0.000000	0.000000	0.000000	0.000000	0.000000	0.000000	1677615645.841555	0.000000
237.000000	25893.825399	-4421.420922	15997.389376	-3353.454572	15101.442051	6938.428514	-187500.022352	-187500.022352	-0.162000	-0.746000	-0.644000	192.000000	0.000000	0.000000	0.000000	0.000000	0.000000	0.000000	0.000000	0.000000	0.000000	1677615645.845585	0.000000
238.000000	25895.859408	-4421.666792	15982.234893	-3355.354471	15093.641292	6956.399316	-187500.022352	-187500.022352	-0.162000	-0.746000	-0.644000	192.000000	0.000000	0.000000	0.000000	0.000000	0.000000	0.000000	0.000000	0.000000	0.000000	1677615645.849673	0.000000
239.000000	25936.070196	-4422.203234	16233.602611	-3358.774288	15222.320285	7062.748916	-187500.022352	-187500.022352	-0.158000	-0.750000	-0.648000	192.000000	251.000000	16.000000	232.000000	144.000000	235.000000	192.000000	0.000000	0.000000	0.000000	1677615645.852591	0.000000
240.000000	25938.037150	-4420.258632	16278.529618	-3356.717927	15248.181253	7056.646890	-187500.022352	-187500.022352	-0.158000	-0.750000	-0.648000	192.000000	0.000000	0.000000	0.000000	0.000000	0.000000	0.000000	0.000000	0.000000	0.000000	1677615645.856647	0.000000
241.000000	25906.700004	-4418.537547	16034.850900	-3353.611035	15127.124205	6949.246758	-187500.022352	-187500.022352	-0.158000	-0.750000	-0.648000	192.000000	0.000000	0.000000	0.000000	0.000000	0.000000	0.000000	0.000000	0.000000	0.000000	1677615645.860578	0.000000
242.000000	25907.258798	-4418.917527	15959.167893	-3355.175657	15088.612150	6943.077677	-187500.022352	-187500.022352	-0.158000	-0.750000	-0.648000	192.000000	0.000000	0.000000	0.000000	0.000000	0.000000	0.000000	0.000000	0.000000	0.000000	1677615645.864673	0.000000
243.000000	25950.129443	-4416.570594	16194.129431	-3357.522590	15207.456375	7053.964681	-187500.022352	-187500.022352	-0.158000	-0.750000	-0.648000	192.000000	0.000000	0.000000	0.000000	0.000000	0.000000	0.000000	0.000000	0.000000	0.000000	1677615645.869688	0.000000
244.000000	25966.423865	-4414.402475	16299.696720	-3356.695575	15261.771114	7075.154135	-187500.022352	-187500.022352	-0.158000	-0.750000	-0.648000	192.000000	0.000000	0.000000	0.000000	0.000000	0.000000	0.000000	0.000000	0.000000	0.000000	1677615645.873609	0.000000
245.000000	25921.496859	-4414.223661	16076.156923	-3353.789849	15149.297136	6969.452735	-187500.022352	-187500.022352	-0.158000	-0.750000	-0.648000	192.000000	0.000000	0.000000	0.000000	0.000000	0.000000	0.000000	0.000000	0.000000	0.000000	1677615645.877614	0.000000
